Category,Initial_Devs,Final_Devs,Dev_Change_%,Dev_Departures,Dev_Arrivals,Periods_Dev_Loss,Initial_Repos,Final_Repos,Repo_Change_%,Repo_Departures,Repo_Arrivals,Periods_Repo_Loss,Initial_Ratio,Final_Ratio,Ratio_Change_%
Failures,43.4,44.8,3.2258064516129004,-11.0,25.0,1,26.1,27.6,5.747126436781609,0.0,15.0,0,1.6628352490421456,1.6231884057971016,-2.3842917251051854
Grew,27.7,38.4,38.628158844765345,-5.0,112.0,0,19.7,24.9,26.395939086294412,-1.0,53.0,0,1.4060913705583757,1.5421686746987953,9.6776999695533
Healthy,240.7,361.7,50.27004570004154,-14.0,1224.0,0,51.8,102.3,97.49034749034749,0.0,505.0,0,4.646718146718147,3.5356793743890518,-23.910182138199882
Stagnated,500.7,580.3,15.897743159576585,-5.0,801.0,0,231.5,259.3,12.008639308855297,-1.0,279.0,0,2.1628509719222464,2.237948322406479,3.4721463225683786
